,Name,Manufacturer,Motor Structural Mass,Grain Count,Grain Diam.,Core Diam.,Grain Length,Propellant,Throat Diam.,Chamber Inside Diam.,Chamber Outside Diam.,Grain Spacing,Screw Diam.,Clearance Diam.,Tensile Screw,Max. Number of Screws,C1,C2,Chamber Yield,Bulkhead Yield,Nozzle Yield,Nozzle Convergent Angle,Nozzle Divergent Angle,External Temperature,External Pressure,Igniter Pressure,Web Regression Res.,ENG File Res.,Time Step,Minimal Safety Factor
0,SRM5K,LCP,0.85,4,0.041,0.015,0.068,KNDX,0.0095,0.04445,0.0508,0.005,0.00675,0.0085,510000000.0,30,0.00506,0.0,240000000.0,255000000.0,215000000.0,30,12,297,101325.0,1500000.0,1000,25,0.001,4
1,SRM5K,LCP,0.85,4,0.041,0.015,0.068,KNDX,0.0095,0.04445,0.0508,0.005,0.00675,0.0085,510000000.0,30,0.00506,0.0,240000000.0,255000000.0,215000000.0,30,12,297,101325.0,1500000.0,1000,25,0.001,4
2,SRM5K,LCP,0.85,4,0.041,0.015,0.068,KNDX,0.0095,0.04445,0.0508,0.005,0.00675,0.0085,510000000.0,30,0.00506,0.0,240000000.0,255000000.0,215000000.0,30,12,297,101325.0,1500000.0,1000,25,0.001,4
3,SRM5K,LCP,0.85,4,0.041,0.015,0.068,KNDX,0.0095,0.04445,0.0508,0.005,0.00675,0.0085,510000000.0,30,0.00506,0.0,240000000.0,255000000.0,215000000.0,30,12,297,101325.0,1500000.0,1000,25,0.001,4
